School,lon,lat
北京海淀区笫二实验学校,116.330899,40.030108
北京市建华实验学校小学部,116.257221,39.901056
北大补习班中小学,116.311834,40.051441
上庄中心小学,116.213987,40.113787
北京市海淀区台头小学,116.116177,40.105665
北京航空航天大学附属小学,116.349349,39.977754
中关村第一小学党校部,116.275657,40.016616
中关村第一小学(天秀部),116.278822,40.020017
双榆树中心小学,116.323571,39.96901
海淀实验二小汇缘分校,116.323756,40.0288
清河第四小学,116.371514,40.065454
羊坊店中心小学(低年级校区),116.326495,39.899312
北京市海淀区北安河中心小学周家巷校区,116.129435,40.054487
中国人民大学附属小学,116.277939,39.965327
中国农业科学院附属小学,116.328385,39.95773
海淀区永泰小学,116.358051,40.032997
万泉小学曙光分校,116.291207,39.946036
北京市海淀区八里庄小学,116.299907,39.927669
中关村第三小学(北校区),116.295229,39.968835
教师进修学校附属实验小学(本校区),116.234732,39.956125
北京市海淀区苏家坨中心小学,116.158632,40.073097
西苑小学,116.293691,39.992647
中关村第四小学,116.339619,39.969439
中关村第一小学,116.322265,39.983817
北京市海淀区翠微小学(北校区),116.16053,40.054093
中关村第二小学华清分校,116.333833,39.991115
北京育英学校小学部,116.287651,39.910415
北京市海淀区苏三四小学,116.173507,40.077261
花园村第二小学,116.318704,39.931438
双榆树第一小学,116.327241,39.97023
红英小学六里屯校区,116.252646,40.063427
首都师范大学附属小学,116.27093,39.942088
北京市海淀区香山小学,116.205942,39.988565
海淀区教师进修学校附属实验小学,116.258639,39.955167
中国科学院附属玉泉小学五里校区,116.257016,39.920832
北京市海淀区五一小学晋元庄分校,116.207545,39.92128
羊坊店第四小学,116.319618,39.903388
中国农业科学院附属小学学院南路校区,116.337014,39.960045
人大附中实验小学,116.32144,39.974703
北京邮电大学附属小学,116.360157,39.955489
中国农业科学院附属小学(政法路校区),116.350408,39.963295
八一小学,116.307747,39.978052
北京市海淀区六郎庄小学,116.293217,39.990849
北京石油学院附属实验小学,116.376025,40.034173
北京教育学院附属海淀实验小学,116.244312,39.931398
北京市海淀区学院路小学,116.35129,39.971042
海淀区实验小学(阜成路校区),116.314001,39.923105
中关村第三小学南校区,116.297508,39.962483
西颐小学,116.313092,39.965133
星火小学,116.367011,39.953273
清华东路小学,116.368202,40.001049
中关村第二小学(中关村校区),116.317225,39.987115
青苗国际双语学校(海淀四季青校区),116.226204,39.948002
永丰中心小学屯佃校区,116.21714,40.062435
首都师范大学附属小学(柳明校区),116.237951,39.921653
翠微小学东校区,116.312997,39.911064
北京外国语大学附属小学,116.31252,39.951466
北京师范大学实验小学,116.36858,39.963234
海淀区七一小学,116.306862,39.898248
上地实验小学(树村分校),116.294906,40.032431
中国农业科学院附属小学(气象路校区),116.336444,39.946915
海淀区第四实验小学,116.210357,39.97196
太平路小学分校,116.254698,39.906048
海淀区六一小学,116.287116,39.928587
北京市海淀区图强第二小学,116.271173,39.909584
万泉小学,116.302062,39.97047
海淀区实验小学(西三环校区),116.308783,39.92755
前进小学,116.35999,39.974381
红英小学,116.241083,40.034521
西玉河小学,116.237882,40.095375
北京市海淀区清华东路小学,116.365898,39.980829
北京石油附小,116.366841,39.989343
海淀区教师进修学校附属实验小学(北辛庄校区),116.21257,39.957858
育英学校西翠路校区,116.286218,39.918131
中关村第三小学(科技园分校),116.240526,40.06731
中关村外国语学校·蒙特梭利小学部(海淀校区),116.230104,40.028094
北京铁路实验小学,116.328304,39.902027
清华大学附属小学清河分校,116.338374,40.028473
九一小学东校区,116.362697,39.979315
北京市海淀区张北希望小学,116.21958,39.951907
海淀区第三实验小学,116.340912,39.993913
首都师范大学实验小学,116.329439,39.933859
人大附小亮甲西校,116.272383,39.933182
中国人民大学附属小学亮甲分校,116.278536,39.929656
首都师范大学附属玉泉学校(附小玉泉校区),116.24694,39.964408
育鹰小学东校区,116.334228,40.050157
北京市海淀区实验小学(北洼路校区),116.301055,39.941886
北京外国语大学附属小学(魏公村校区),116.31786,39.953626
海淀区上地实验小学,116.201942,40.128194
红英小学唐家岭校区,116.274724,40.064051
枫丹实验小学,116.360322,40.06556
前沙涧小学,116.151182,40.099332
中国农业大学附属实验小学,116.353467,40.00357
北京理工大学附中小学部,116.303835,39.946338
北京市海淀区行知实验学校,116.264688,39.935569
振兴小学,116.224671,40.134751
北京石油学院附属第二实验小学,116.378,40.035671
海淀区第二实验小学(清宁校区),116.33504,40.041478
北京石油学院附属小学(东校),116.368018,39.996222
海淀区第二实验小学当代校区,116.318155,40.043959
崛起实验学校,116.293214,40.032058
北京海淀区培星小学,116.256408,40.004637
海淀区实验小学苏州街校区,116.304896,39.951404
中国科学院附属玉泉小学玉海园三里校区,116.254934,39.918196
海淀区第二实验小学(汇缘校区),116.323755,40.028774
北京交通大学附属小学,116.348494,39.94542
北京林业大学附属小学,116.348431,40.004594
翠微小学金帆音乐堂,116.303683,39.910113
北京市海淀区民族小学,116.376167,39.972514
北京市海淀区花园村第二小学(海淀区二里沟学区),116.317503,39.935284
翠微小学西校区,116.296885,39.913503
北京市海淀区九一小学,116.36154,39.979333
北京理工大学附属小学,116.309121,39.961685
北京行知实验小学,116.221793,39.927994
海淀区和平小学,116.205309,40.036436
北京石油学院附属小学,116.363635,39.994916
北航实验学校小学部,116.349245,39.977746
北京金海河学校,116.329218,40.026497
建华实验学校,116.257059,39.900786
民族小学北校区,116.374072,39.980042
北京市海淀区翠微小学,116.303621,39.909772
中国农业大学附属小学,116.278589,40.021534
东北旺中心小学,116.278179,40.030018
定慧里小学,116.280848,39.922131
北京医科大学附属小学花园路校区,116.364051,39.985301
北京大学附属小学,116.318883,39.995294
羊坊店中心小学,116.326465,39.900711
中国人民大学附属小学银燕校区,116.287249,39.967568
北京交通大学附属小学(北校区),116.342277,39.953954
清华大学附属小学,116.323053,39.995666
海淀区第三实验小学南校区,116.34377,39.991703
北京市海淀区太平路小学采石路校区,116.259268,39.9016
北京科技大学附属小学,116.364247,39.992079
北京市海淀区培英小学,116.277174,39.899615
海淀区第二实验小学橡树校区,116.330923,40.030102
北京市海淀区五一小学,116.263397,39.901773
东马坊小学,116.199509,40.09432
北京邮电大学附属小学(文慧园校区),116.360122,39.951565
西二旗小学,116.311053,40.050075
北宫门小学,116.275829,40.016598
培星小学(北校区),116.250954,40.009128
北京市海淀区北安河中心小学,116.117883,40.067092
中关村第二小学(百旺校区),116.268667,40.047731
首都师范大学实验小学(南校区),116.327749,39.929974
北京交通大学附属小学(东校区),116.348368,39.9531
北京市八角北路小学,116.306352,39.919413
教科院未来实验小学,116.193544,40.042795
北京市海淀区定慧里小学(东校区),116.29244,39.922654
和平小学(杨庄校区),116.19424,40.042491
北京十一学校,116.349838,40.045613
北京医科大学附属小学,116.364198,39.985164
华北小学,116.210902,40.062189
清华大学附属小学清河分校新校区,116.343721,40.02928
海淀实验,116.314001,39.923105
中国人民大学附属中学翠微学校(小学部),116.300005,39.914859
花园村第二小学(分校),116.317394,39.935294
北京市海淀区中关村第二小学万泉河分校,116.301485,39.986782
清华大学附属中学永丰学校小学部,116.241721,40.067574
清华大学附属小学清河分校,116.349352,40.024073
北京一零一中实验小学,116.294088,39.99361
向东小学,116.33674,39.946971
万泉小学小南庄校区,116.306136,39.968178
海淀区上庄中心小学,116.200355,40.094268
中国教育科学研究院附属小学,116.376575,39.971881
永丰中心小学宏丰校区,116.238066,40.046771
北京大学附属小学肖家河分校,116.288022,40.020633
中国科学院附属玉泉小学,116.24206,39.926578
翠湖小学白水洼校区,116.206394,40.13581
中国农业科学院附属中学,116.337293,39.959903
北京市海淀区台头小学附设幼儿班,116.122035,40.08149
教院附小,116.245291,39.930698
北京市海淀区翠湖小学前章村校区,116.180287,40.125119
北京实验学校海淀小学部,116.331016,39.92587
育鸿学校小学部,116.3129,39.898806
中关村第一小学,116.275724,40.016313
中关村第三小学红山校区,116.264561,40.017067
海淀北部新区实验学校学校小学(部校区),116.151208,40.098999
白家疃小学,116.175382,40.041361
打工子弟小学文华学校,116.250367,40.038738
育鹰小学(安宁庄路5号院西北),116.324634,40.054724
辛庄小学,116.151148,40.064287
育英学校小学低年级部,116.278214,39.917166
北京小学(槐柏树街总校),116.360308,39.896604
裕中小学,116.386207,39.970649
北京市西城区师范学校附属小学(展览路校区),116.354373,39.933544
北京第二实验小学德胜校区,116.38147,39.950785
北京小学,116.360739,39.896893
北京市西城区志成小学(西校区),116.36106,39.938177
北京市第十三中学附属小学,116.385582,39.939278
志成小学,116.36935,39.94254
宣武师范学校附属第一小学(里仁街),116.36946,39.875434
西城区实验小学,116.353189,39.874054
三义里小学,116.329124,39.886722
北京市西城区涭水河小学,116.376808,39.900344
北京第一实验小学,116.383048,39.896989
展览路第一小学,116.339194,39.930271
新世纪实验小学,116.395157,39.878494
北京市西城区太平街小学,116.386418,39.881402
北京进步小学,116.347625,39.936551
北京市西城区五路通小学,116.383425,39.960841
北京第八中学附属小学,116.382681,39.888073
北京雷锋小学,116.378382,39.942788
北京第二实验小学,116.367702,39.904721
北京小学红山分校,116.332051,39.893485
西城区小学劳技中心,116.340634,39.908545
北京第二实验小学(玉桃园分校),116.362886,39.942326
北京市西城区登莱小学,116.354005,39.888132
西城区三里河第三小学,116.337647,39.910796
北京市西城区复兴门外第一小学,116.347963,39.912887
北京师范大学京师附小三分校,116.370705,39.927245
志成小学西校区,116.360819,39.938051
北京市西城区师范学校附属小学,116.385031,39.95243
北京实验二小玉桃园分校,116.368934,39.942547
育民小学(南校区),116.34975,39.906307
北京市宣武师范学校附属第一小学,116.362323,39.876468
北京市正泽学校(青龙桥校区),116.348028,39.901811
红莲小学,116.334359,39.882226
京师范大学京师附小一分校,116.368395,39.928334
北京师范大学京师附小,116.369326,39.928047
志成小学(北址),116.37006,39.942554
北京师范大学京师附小,116.368588,39.928697
志成小学(南址),116.368856,39.935817
北京市第十五中学附属小学,116.369118,39.878906
北京小学广内分校,116.353732,39.891462
北京小学天宁寺分校(东区),116.346523,39.893272
西板桥小学,116.393424,39.929442
北京建筑大学附属小学,116.336352,39.935383
北京市西城外国语学校附属小学,116.352901,39.929797
黄城根小学(育幼校区),116.364289,39.93162
北京市宣武回民小学西里二校区,116.360537,39.884454
北京市第一实验小学广外校区,116.323585,39.880764
北京市西城区育翔小学阳光校区,116.387114,39.966329
北京市西城区师范学校附属小学,116.390917,39.955758
黄城根小学(官园校区),116.361227,39.932018
北京第二实验小学广外分校,116.339811,39.882269
北京第二实验小学(白云路分校),116.34374,39.904805
北京市宏庙小学低年级部,116.377369,39.912768
华嘉小学,116.361777,39.927992
北京育翔小学,116.377897,39.965583
北京市西城区奋斗小学,116.367351,39.898582
北京市西城区什刹海小学,116.393433,39.929393
鸦儿胡同小学(南校区),116.391836,39.940688
北京市西城区阜成门外第一小学,116.350439,39.921916
黄城根小学,116.362355,39.93718
北京小学广外校区,116.33176,39.885641
青年湖小学,116.34824,39.878268
北京第一实验小学前门分校,116.388897,39.899368
北京市西城区厂桥小学,116.377842,39.933435
自忠小学分校,116.381343,39.9219
北京市西城区康乐里小学,116.36832,39.896182
西单小学,116.369602,39.909426
北京市宣武回民小学西里一校区,116.362781,39.88704
中古友谊小学,116.340246,39.915993
三帆中学附属小学,116.386099,39.970496
北京市西城区西什库小学,116.38131,39.924113
奋斗小学,116.348686,39.925387
顺城街第一小学,116.377597,39.900574
奋斗小学,116.361635,39.90142
炭儿胡同小学,116.390943,39.895932
北京市自忠小学,116.381296,39.917192
北京力学小学,116.377995,39.911382
北京市第一六一中学附属小学,116.390706,39.918235
北京市西城区椿树馆小学,116.34612,39.886645
黄城根小学,116.376368,39.930751
北京小学天宁寺分校,116.345476,39.893518
康乐里小学彩虹校区,116.371478,39.898189
宏庙小学,116.370538,39.915634
陶然亭小学,116.378509,39.877857
香厂路小学,116.393564,39.889298
北京雷锋小学,116.39173,39.947689
什刹海小学分校,116.395007,39.929994
北京育才学校太平街校区,116.386373,39.881491
复兴门外第二小学,116.340373,39.90806
北京第二实验小学低年级部,116.369201,39.904561
西城区华嘉小学,116.362763,39.929281
育民小学(白云观校区),116.345276,39.90081
北京第二实验小学玉桃园分校(东址),116.36897,39.942497
北京小学广内分校低年级部,116.357392,39.893685
宣武回民小学,116.369516,39.88827
西直门第二小学,116.359572,39.940304
康乐里小学明理校区,116.372617,39.89776
北京市西城外国语学校附小一年级部,116.354016,39.930479
受水河胡同41号,116.370783,39.903489
厂桥小学(北校区),116.375318,39.938228
育才学校小学部,116.39232,39.875997
中古友谊小学,116.350552,39.911992
北京小学(北线阁走读分校),116.353345,39.891596
黄城根小学-西区,116.361309,39.932014
中古友谊小学低年级部,116.350869,39.912101
北京市西城区培智中心学校,116.348058,39.940719
培智中心学校(菜市口校区),116.369598,39.892233
北京市宣武回民小学高年级部,116.360533,39.884641
光明小学(福光路),116.432699,39.886733
史家小学(史家胡同分校),116.418455,39.918728
金台书院小学,116.41095,39.891268
北京市东城区什锦花园小学,116.409361,39.929287
校尉小学,116.414516,39.914837
西中街小学,116.440844,39.940332
北京市东城区东四七条小学,116.422795,39.932014
中国儿艺艺术教育实验学校,116.397839,39.863758
史家小学遂安伯校区,116.424343,39.916126
北京地坛小学,116.410502,39.960576
文汇小学,116.446551,39.896185
新鲜胡同小学,116.429899,39.920952
和平里第一小学,116.420076,39.95803
北京和平里第四小学,116.428821,39.957809
北京市第一七一中学附属青年湖小学,116.398599,39.956764
史家小学分校,116.430875,39.935097
崇文小学,116.428986,39.895285
永生小学,116.427438,39.889214
灯市口小学低年级部,116.42123,39.92235
培新小学,116.432426,39.88903
北京光明小学本校区低年级部,116.432762,39.88661
史家小学低年级部,116.418458,39.918722
中央工艺美院附中艺美小学,116.44513,39.94526
东城区精忠街小学,116.402794,39.888743
东交民巷小学,116.41992,39.903992
北新桥小学,116.435709,39.948707
和平里第九小学,116.421305,39.960853
北京市东城区分司厅小学,116.405649,39.943349
和平里第四小学东城区师范学校附属小学校区,116.410742,39.950992
雍和宫小学,116.418445,39.94707
黑芝麻胡同小学(织染局校区),116.404671,39.931766
陶氏私立两等小学堂,116.412556,39.920413
史家小学(高年级部),116.428541,39.92623
史家实验学校,116.437801,39.937494
北京光明小学广渠校区,116.449683,39.891543
灯市口小学,116.414296,39.920719
定安里小学,116.410596,39.860954
和平里第三小学,116.413426,39.962539
西中街小学(高部),116.44094,39.940406
东城区西总布小学,116.424098,39.912489
史家七条小学,116.422738,39.932005
方家胡同小学,116.413618,39.944638
北京市东城区安外三条小学,116.406482,39.954827
北京市汇文第一小学,116.433407,39.905291
北京市东城区培新小学高年级部,116.421575,39.882245
东城区板厂小学,116.423435,39.880519
北京景泰小学,116.414898,39.873798
前门小学,116.407661,39.899902
北京光明小学本校区,116.437435,39.88361
府学胡同小学低年级部,116.418348,39.936982
北京市广渠门中学附属小学,116.431339,39.899869
汇文第一小学(北区),116.432875,39.905309
和平里第四小学(和二校区),116.42742,39.951008
北京市第一零九中学小学实验部,116.42923,39.887123
北京市东城区黑芝麻胡同小学,116.404918,39.937644
天坛东里小学,116.418479,39.876445
前门小学,116.413229,39.898172
回民实验小学,116.428052,39.897815
府学小学,116.41104,39.939599
北京第一师范学校附属小学西校区,116.409622,39.869255
北京第一师范学校附属小学东校区,116.416066,39.866297
府学胡同小学美术馆后街校区,116.408051,39.92962
史家小学,116.4286,39.925392
东城区回民小学,116.429251,39.92385
北京市东城区黑芝麻胡同小学(前鼓楼苑胡同),116.40185,39.938843
北京市东城区分司厅小学(北锣鼓巷校区),116.401631,39.94769
东城区板厂小学,116.44097,39.885195
体育馆路小学,116.426006,39.885698
东交民巷小学,116.412658,39.903419
灯市口小学北池子小学校区,116.403324,39.919353
东四九条小学,116.418315,39.93317
宝华里小学,116.405349,39.860314
北京市东四十四条小学,116.422075,39.93669
美国小学,116.42001,39.948651
北京景山学校北校区小学部,116.426743,39.948429
板厂小学高年级部,116.423804,39.880569
前门幼儿园-草厂九条小学,116.40844,39.89451
北京第166中学附属校尉胡同小学,116.414524,39.914862
凤阳小学,116.450889,39.891868
北京市东城区黑芝麻胡同小学(帽儿胡同校区),116.401032,39.936365
五道营胡同98,116.40925,39.948397
国学小学,116.415094,39.947126
北京市东直门中学附属雍和宫小学,116.410861,39.929395
体育馆路小学(低年级学部),116.437393,39.873426
东高房小学,116.402754,39.926914
北京市朝阳区外国语学校(小学部),116.401883,39.999619
北京市朝阳区赫德双语学校,116.582102,39.95543
垂杨柳中心小学(劲松分校),116.453552,39.877744
垂杨柳中心小学(杨柳校区),116.457328,39.887352
白家庄小学,116.455683,39.930188
首师大附属实验学校小学部,116.471981,40.006993
大山子第二小学诗书画印,116.488936,39.98741
朝阳区第二实验小学双桥校区(低部),116.581374,39.902646
中国传媒大学附属小学(中部),116.55322,39.917827
北京市朝阳区西直河小学,116.528648,39.842387
酒仙桥中心小学驼房营部,116.503525,39.966864
北京市朝阳区王四营中心小学,116.522151,39.886745
芳草地国际学校双花园校区,116.452689,39.898234
新源里-第四小学,116.454067,39.953399
北京市金盏学校,116.567227,40.004533
芍药居小学,116.4379,39.986166
北京市朝阳区星河双语金盏校区,116.578454,40.004984
北京明远教育书院实验小学知语城校区,116.459926,39.993684
垂杨柳中心小学(松榆校区),116.467513,39.875048
樱花园实验学校小学部教学楼,116.420219,39.97472
博文学校,116.492847,39.844103
国美家园小学,116.513515,39.935584
陈经纶中学分校实验小学部,116.514724,39.974792
人大附中朝阳学校小学部,116.437856,39.98612
安民学校,116.497551,39.945854
日坛小学四惠校区,116.505629,39.910164
十八里店小学,116.48102,39.849233
北京市朝阳外国语学校,116.404133,39.999863
朝阳外国语学校小学部,116.381202,39.999931
花家地实验小学朝来校区,116.434845,40.037448
高碑店中心小学,116.522852,39.904091
对外经济贸易大学附属小学,116.420986,39.978967
平房中心小学,116.537117,39.937014
一七一中学朝阳豆各庄分校小学部,116.563163,39.859925
北京市朝阳区老君堂小学,116.5134,39.841901
朝阳师范学校附属小学,116.422112,39.965923
北京第二外国语学院附属小学定福分校,116.570445,39.917856
白家庄小学(汇景苑校区),116.536282,39.955557
北京市朝阳外国语学校(北苑分校),116.430717,40.026642
中国音乐学院附属北京实验学校安慧里校区低年级部,116.411752,39.99001
清华大学附属小学商务中心区实验小学,116.441702,39.90495
首都师范大学附属朝阳实验小学(金蝉南校区),116.508876,39.863026
北京市陈经纶中学分校小学部,116.461147,40.008985
呼家楼中心小学(本部),116.467069,39.920619
白家庄小学(朝外校区),116.436671,39.927315
北京化工大学附属中学小学部(小关校区),116.41524,39.980384
北京和平街第一中学小学部清友园校区,116.42722,40.039918
北京精诚实验小学国际部,116.383128,39.979576
花家地实验小学,116.4673,39.983044
北京市第八十中学枣营分校,116.471749,39.946805
北京第二外国语学院附属小学,116.59519,39.913487
东城区汇文实验小学朝阳学校,116.45665,39.869682
金色摇篮全程实验学校,116.405259,40.007829
中国科学院附属实验学校,116.385086,39.996993
北京市朝阳区外国语小学二部,116.403878,39.996105
芳草地国际学校民族校区,116.437455,39.917678
呼家楼中心小学(南校区),116.469044,39.914774
金地实验学校,116.514936,39.842339
北京市东方德才学校(小学部),116.484038,39.922156
北京明远教育书院实验小学,116.461904,39.998014
北京朝阳区兴隆小学,116.524791,39.911821
南湖中园小学望花路校区,116.472307,39.988476
星河双语学校,116.461264,39.861554
北京第二实验小学朝阳学校,116.485621,39.895556
清华大学附属小学商务中心区实验小学,116.454622,39.906766
朝阳师范学校附属小学,116.451952,39.973129
朝阳区师范学校附属小学和平街分校北校区,116.426278,39.96593
首都师范大学附属朝阳实验小学翠南校区,116.505073,39.853876
中国音乐学院附属北京实验学校(北辰绿色家园校区),116.411343,40.027428
星河实验学校,116.522103,39.922189
朝阳区实验小学(润泽校区),116.432634,40.05459
北京精诚实验小学,116.426325,39.964527
北京朝阳外语小学,116.412135,39.970912
白家庄小学,116.471641,39.997652
芳草地国际学校日坛校区,116.448528,39.91827
中央商务区实验学校,116.477273,39.909803
3e国际学校小学部,116.529837,40.025933
芳草地国际学校,116.434098,39.991302
北京教育学院朝阳分院附属学校小学部,116.485622,39.913377
朝阳实验小学(体育场路校区),116.449374,39.926512
北京世青国际学校,116.448607,40.027337
北京市朝阳区实验小学福源分校,116.45506,39.955254
北京陈经纶中学保利小学南校区,116.59469,39.923571
朝阳区实验小学,116.459602,39.830046
北京市劲松第四小学,116.44928,39.881039
大武基实验文武学校,116.513675,39.846367
青苗国际双语学校(常营校区),116.577168,39.933246
石佛营小学,116.498549,39.933396
芳草地国际学校(慈云分校),116.493853,39.917197
中央美术学院附属实验小学,116.488732,39.987581
白家庄小学迎曦分校东校区,116.503728,39.93374
首都师范大学朝阳小学,116.592594,39.979799
北苑小学,116.429992,40.027992
芳草地国际学校(东洲校区),116.462581,40.044544
朝阳师范学校附属小学和平街分校南校区,116.42991,39.961608
朝阳区实验小学(新源里分校),116.446598,39.947078
朝阳区实验小学(左家庄分校),116.44212,39.953596
朝阳实验小学(柳芳校区),116.436904,39.955644
北京明远教育书院实验小学(青年城校区),116.43732,40.029832
官庄小学,116.508431,39.87699
中国科学院附属实验学校(南沙滩学部),116.375838,39.996534
朝阳区第二实验小学双桥校区(高部),116.577077,39.896376
二外附中瑞祥民族小学部,116.613675,39.91086
THE BRITISH SCHOOL OF BEIJING SANLITUN,116.453614,39.944579
八里桥小学,116.616947,39.913975
柏阳学校,116.553066,39.873095
垂杨柳中心小学金都分校低部,116.500639,39.894702
首都师范大学附属朝阳实验小学(金蝉北校区),116.510902,39.865189
朝阳外国语学校(来广营校区),116.438539,40.048563
北京市朝阳区同心实验学校,116.633949,39.991078
中国传媒大学附属小学(低部),116.545961,39.916712
清华大学附属小学CBD实验小学(二校区),116.44168,39.904336
中央商务区实验学校小学部,116.47728,39.90982
朝阳区第二实验小学管庄校区(低部),116.585487,39.915142
朝阳区第二实验小学管庄校区,116.592336,39.915753
中央商务区实验学校,116.477186,39.903435
北京师范大学奥林匹克花园实验小学,116.540813,39.961527
安民学校西坝校区,116.52882,39.964
星河实验小学,116.525115,39.926508
中国传媒大学附属小学,116.559775,39.915164
樱花园实验学校-小学部,116.420295,39.974666
安民学校小武基校区,116.492047,39.854279
北京市朝阳区安民学校黎各庄分校,116.630718,39.973458
北马各庄小学,116.601358,39.953116
安民学校(定福庄校区),116.563557,39.917337
朝阳区安民学校,116.514838,39.978118
芳草地国际学校万和城实验小学,116.434422,39.990945
府学胡同小学朝阳学校,116.494058,39.935973
安民学校,116.521295,39.937935
花家地实验小学方舟校区,116.462491,39.980625
朝阳实验小学,116.448095,39.935873
北京市朝阳区日坛小学,116.502378,39.911441
北京市陈经纶中学分校望京实验学校宝星校区,116.481604,40.000434
垂杨柳中心小学金都分校高部,116.49625,39.90013
双馨实验学校,116.493123,39.851669
清华附中朝阳学校小学部,116.451355,39.950548
青苗国际双语学校阳光上东校区,116.48438,39.96337
朝阳区实验小学罗马嘉园分校,116.510014,39.924046
东方德才学校甜水园校区,116.485413,39.924999
新升小学,116.47296,39.864346
北京师范大学朝阳附属小学,116.369966,40.015603
朝阳师范学校附属小学西坝河校区,116.446329,39.965222
将台路小学,116.485695,39.972718
黄胄艺术实验小学,116.439042,39.962744
绿源学校,116.54011,39.92722
高家园小学,116.482754,39.978612
芳草地国际学校世纪小学,116.43302,39.994554
呼家楼中心小学万科青青分校,116.577139,39.866153
北京市朝阳区小武基小学,116.495978,39.858243
北京市朝阳区万子营民族小学,116.598947,39.863185
将台洼小学,116.511807,39.955429
北京市朝阳区黑庄户中心小学,116.593499,39.852542
白家庄小学科技园校区,116.475442,40.003459
北京市朝阳区朝阳第二实验小学双桥分校,116.602548,39.88849
垂杨柳中心小学杨柳校区中部,116.458358,39.885651
白家庄小学(本校北部),116.456201,39.930075
北京市陈经纶中学嘉铭分校小学部,116.423643,40.002365
呼家楼中心小学团结湖分校北校区,116.464525,39.931534
垂杨柳中心小学杨柳校区(高部),116.458751,39.889821
北京耀中国际学校,116.495435,39.926535
垂杨柳中心小学杨柳校区低部,116.457669,39.887094
白家庄小学南校区,116.457752,39.926217
芳草地国际学校远洋小学,116.495197,39.913467
芳草地国际学校(甘露园分校),116.512434,39.914551
中国教育科学研究院朝阳实验学校小学高部,116.397959,39.973317
北京陈经纶中学嘉铭分校秀园校区,116.413921,39.997644
北京市朝阳实验小学南校,116.459603,39.829993
陈经纶中学帝景南校,116.508114,39.877407
花家地实验小学西里校区,116.458694,39.988274
芳草地国际学校富力分校,116.558818,39.844863
朝阳区安慧北里小学,116.410495,39.999735
北京市朝阳区白家庄小学(迎曦分校),116.503903,39.93373
七天连锁酒店第四小学,116.449206,39.880556
康静里小学,116.565424,39.931227
和平中学小学部,116.426107,40.039968
北京市朝阳实验小学国际部,116.449256,39.926663
北京市朝阳区垂杨柳中心小学(杨柳校区),116.452745,39.887317
灰地小学,116.396196,39.964214
白家庄小学迎曦分校(西校区),116.498545,39.933371
北京市朝阳区博雅小学,116.630553,39.973218
北京陈经纶中学保利小学(北校区),116.602046,39.928118
首都师范大学金泽小学,116.56247,39.953972
中国音乐学院附属北京实验学校,116.403075,40.003103
朝阳师范学校附属小学黄胄艺术分校,116.436101,39.964412
朝阳师范学校附属小学-朝师附小,116.452042,39.973396
北京市朝阳区教育研究中心附属小学梵谷水郡校区,116.506888,39.959053
首都师范大学朝阳小学(南校区),116.601724,39.952553
中央美术学院附属实验学校小学部,116.485265,39.984191
北京市朝阳区教育研究中心附属小学红霞路校区,116.489501,39.963868
北京市陈经纶中学分校小学部利泽校区,116.46338,40.012352
vipkid美国小学,116.515636,39.936519
垂扬柳中心小学,116.458752,39.889832
垂杨柳中心小学馨园分校(高部),116.481448,39.869476
朝阳区实验小学(老君堂分校),116.513452,39.841961
北京市第十七中学小学部,116.522905,39.904521
朝阳区第二实验小学管庄校区(高部),116.592417,39.915726
北京市朝阳区白家庄小学(东辰分校),116.593728,39.853111
清华大学附属中学广华学校小学部,116.49887,39.88614
北京市朝阳区白家庄小学东辰分校,116.614043,39.872676
垂杨柳中心小学劲松分校低部北校区,116.453526,39.882941
朝阳区教育研究中心附属小学驼房营校区,116.503322,39.966871
北京市第十七中学小学部,116.528904,39.890491
北京市朝阳区安民学校(东八间校区),116.514372,39.977596
南磨房中心小学低部,116.474493,39.874564
呼家楼中心小学景新分校,116.574856,39.88073
北京市朝阳区实验小学博约分校,116.507212,39.823198
陈经纶安园校区小学部,116.410348,39.999798
北京市朝阳区实验小学(三里屯分校),116.456476,39.936057
芳草地国际学校朝丰分校,116.56388,39.857834
呼家楼中心小学团结湖分校(南校区),116.469625,39.926621
垂杨柳中心小学景园分校(东校区),116.522513,39.886722
垂杨柳中心小学劲松分校南校区低部,116.453521,39.877762
北京市朝阳区实验小学博远分校,116.54105,39.860993
北京市朝阳区芳草地国际学校(德贤分校),116.497963,40.061625
朝阳区教研中心附属小学,116.489504,39.963878
朝阳区教育研究中心附属小学(酒仙桥校区),116.493196,39.964334
北京英国学校(小学部),116.453589,39.944804
北京光明小学分校,116.5394,39.94993
五路居一中小学,116.40506,39.972992
八里桥小学部,116.617012,39.913896
白家庄小学(珑玺校区),116.530069,39.968673
朝阳师范学校附属小学西坝河校区(低部),116.451342,39.965584
南沙滩小学,116.37586,39.996528
朝阳实验小学(北区),116.447902,39.936774
呼家楼中心小学(东校区),116.472384,39.921048
八十中学枣营分校小学部,116.471779,39.946967
首都师范大学附属朝阳实验小学翠成北校区,116.506366,39.857803
陈经纶中学嘉铭分校西校区小学部,116.4139,39.997646
北京化工大学附属中学小学部安苑校区,116.410382,39.987941
中国音乐学院附属北京实验学校高年级部,116.415034,39.994051
垂杨柳中心小学本部高部,116.466815,39.874765
垂杨柳中心小学本部低部,116.467157,39.874191
安民学校,116.509058,40.035233
北京市朝阳区呼家楼中心小学团结湖分校(东校区),116.482253,39.931421
北京市温榆河双语实验学校,116.493173,40.030761
朝阳区安贞街道文明市民中心校,116.400597,39.96707
垂杨柳中心小学本部低部,116.474644,39.874616
九十四中福园校区,116.57507,39.95878
远洋一方小学城,116.59435,39.911267
希望(小学部),116.456727,39.992471
朝阳区实验小学福源分校-南区,116.454156,39.953332
北京市第八十中学牌坊分校,116.456351,39.840363
南湖中园小学青年城,116.437386,40.030284
垂杨柳中心小学-高年级部,116.458797,39.88967
东高地第二小学,116.428573,39.801802
北京教育科学研究院(丰台学校),116.373446,39.7904
北京四中璞瑅学校-黄城根小学分校,116.440584,39.859312
师范学校附属小学城南校区,116.365735,39.836385
长辛店第一小学分校,116.20419,39.820489
万柳园小学,116.336161,39.851636
北京市丰台区大红门第二小学,116.406336,39.836701
北京丰台第五小学鸿业校区,116.304629,39.838783
丰台区第一小学远洋分校,116.390968,39.842492
北京市丰台区看丹小学,116.271257,39.837796
西罗园第五小学西校区,116.377937,39.859796
北京朝阳芳草地国际学校丽泽分校,116.342721,39.871609
新发地小学,116.335308,39.816906
成寿寺小学,116.444039,39.851558
北京市丰台区槐房小学,116.372935,39.818566
东高地第一小学,116.423266,39.808791
北京市丰台区师范学校附属小学,116.287199,39.855629
北京市丰台区芳星园第二小学,116.435159,39.860398
时光小学,116.419144,39.848315
北京舞蹈学院附中丰台实验小学,116.369068,39.858335
北京市丰台区丰台第五小学,116.284819,39.85245
丰台区第七小学校,116.29598,39.864349
右安门第一小学-首都医科大学附属小学,116.369072,39.865881
首都师范大学附属云岗小学南校区,116.15798,39.805877
北京市第十八中学(嘉泰学校),116.413083,39.837947
北京教育学院附属丰台实验学校,116.268584,39.886613
北京教育科学研究院丰台实验小学,116.427282,39.848219
北京丰台二中附属实验小学,116.245758,39.865002
首都师范大学附属云岗小学高学部,116.164742,39.813795
丰台第八小学,116.289059,39.838288
北京市丰台区大红门一小,116.403368,39.836794
北京市丰台区芳群园第一小学,116.423877,39.862759
角门小学,116.383906,39.846369
西罗园第六小学,116.391754,39.855909
北京丰台第五小学科丰校区,116.293033,39.836092
丰台第一小学丰益分校,116.309044,39.860563
赵登禹学校南校区-赵登禹学校小学部,116.368812,39.846503
长安新城小学,116.26123,39.886584
东铁匠营第一小学,116.418634,39.844416
小井小学,116.295766,39.877648
北京十二中附属实验小学,116.227775,39.877356
北京市赵登禹学校东校区,116.375938,39.851049
西马金润小学,116.38172,39.837561
北京市海淀区实验小学丰台分校,116.312255,39.88815
东铁匠营二小,116.42087,39.854512
东高地第四小学,116.428441,39.798491
东高地第三小学(西校区),116.413111,39.794593
新文达中小学(大成路校区),116.25589,39.889784
北京十一学校丰台小学,116.42537,39.840629
丰台第八中学附属小学,116.282843,39.816793
十八中附属小学,116.437807,39.864151
北京市丰台区扶轮小学,116.195543,39.831361
海淀区实验小学丰台分校(莲宝中路),116.299653,39.887909
北京铁路职工子弟第十一小学,116.289382,39.802762
丰台第五小学(万柳分校),116.336371,39.851582
芳古园小学西校区,116.418672,39.863882
北京市丰台区丰台第一小学,116.281236,39.848677
北京市丰台区卢沟桥第二小学,116.233672,39.847367
北京市大成学校小学部,116.260496,39.894289
北京市丰台区和义学校(东校区),116.409452,39.814964
大红门第一小学西校区,116.395034,39.839382
丰体时代小学,116.271782,39.86719
太平桥二小,116.317139,39.886549
丰台五小银地分校,116.333825,39.821129
丰台区实验学校小学一部,116.262783,39.851867
芳古园小学,116.42372,39.867972
北京小学丰台万年花城分校,116.313978,39.846764
西罗园第五小学总校,116.388286,39.859907
五爱屯小学,116.379643,39.801023
北京第二实验小学怡海分校,116.301723,39.832695
西罗园学校,116.392312,39.85833
丰台区长辛店第一小学,116.20622,39.8231
玉林小学,116.358742,39.865072
北京丰台五小京铁校区,116.282641,39.894506
阳春小学,116.304701,39.79073
晓月苑小学,116.239364,39.84032
四合庄小学,116.311425,39.828011
丰台区实验学校小学二部,116.259937,39.853413
卢沟桥第一小学校,116.224037,39.851884
北京市丰台区靛厂小学,116.288951,39.883903
北京市丰台区长辛店第七小学,116.203146,39.830494
东高地第三小学,116.421724,39.79783
芳城园小学,116.432932,39.868006
西罗园小学,116.388594,39.854596
北京市丰台区东罗园小学,116.407961,39.855496
丰台第二小学,116.291723,39.842282
北京市丰台区纪家庙小学,116.327127,39.851162
黄土岗小学,116.339843,39.833239
长辛店中心小学,116.171784,39.862462
东铁匠营第一小学,116.420316,39.860421
北京市丰台区分钟寺小学,116.454944,39.856661
蒲黄榆第一小学,116.415411,39.86903
草桥小学,116.35154,39.842963
首都经济贸易大学附属小学,116.310848,39.843743
和义学校-小学部,116.394889,39.809171
丰台第一小学(长辛店分校),116.196402,39.850632
十八中附属小学-芳星园小学,116.437876,39.864101
中央音乐学院附中小学部,116.426302,39.864851
大庄河完全小学,116.309253,39.850984
西罗园第五小学,116.388546,39.859471
丰台第五小学(万柳分校),116.421937,39.868489
丰师附小,116.286153,39.85512
首都医科大学附属小学,116.368011,39.866168
北京市丰台区第五小学教育集团,116.304327,39.838712
晨光文具小学,116.196383,39.849851
东铁营一小,116.421217,39.859788
丰台第二小学求实馆,116.291486,39.842048
丰台区人民村小学,116.270248,39.837271
镇岗塔路(北口),116.177869,39.822005
北京市丰台区第五小学教育集团,116.29324,39.835569
北京光明小学(和义校区),116.404905,39.815803
北京教育学院附属丰台实验学校东校区,116.271873,39.886999
黄城根小学分校(南三环东路辅路),116.440576,39.859729
丰师附小城区校区,116.365306,39.836407
右安门外西三条,116.36344,39.865608
镇岗塔路(东口),116.172452,39.818001
北京市石景山区麻峪小学,116.128519,39.933271
石景山先锋小学,116.171868,39.945682
北京市石景山区实验小学分校,116.245578,39.913051
红旗小学,116.139795,39.950097
北京市石景山区师范学校附属小学,116.233671,39.900122
爱乐实验小学,116.226363,39.897845
金顶街第四小学,116.170125,39.930287
西黄村小学,116.199193,39.933272
玉泉路小学,116.245545,39.913023
石景山区实验小学,116.2029,39.914253
石景山外语实验小学,116.198582,39.928758
石景山区第二实验小学,116.214903,39.90951
中国科学院附属玉泉小学(中科院校区),116.245427,39.911322
松月草堂,116.248655,39.904386
古城第二小学,116.192189,39.909077
北京市石景山区古城小学,116.184552,39.912217
北京市石景山区华奥学校(玉泉路校区),116.249129,39.915674
古城第二小学分校,116.188305,39.906333
金顶街第二小学,116.161868,39.928353
古城第二小学,116.189743,39.919311
北京大学附属小学(石景山学校),116.188195,39.953254
北京市京源学校(莲石湖分校),116.176461,39.892841
北京华德中杉学校,116.125134,39.958739
北京市石景山区电厂路小学,116.139932,39.937129
北京市石景山区水泥厂小学,116.179717,39.892545
北京市京源学校小学部,116.204548,39.892651
石景山外语实验小学分校,116.206199,39.942336
北京市石景山区石景山学校,116.151386,39.932615
爱乐实验小学,116.224144,39.892573
苹果园第二小学,116.18913,39.92982
五里坨小学,116.125512,39.954669
炮厂小学,116.13444,39.95612
中小学劳技中心,116.218816,39.910387
海特花园小学,116.185373,39.933484
北京市石景山区银河小学,116.219856,39.898143
北方工业大学附属学校小学部,116.195886,39.916948
北辛安小学,116.186368,39.914233
石景山区八角中里实验小学,116.201508,39.911718
北京市石景山区广宁村小学,116.151563,39.930583
古城第六小学,116.187658,39.905765
北京市石景山区向阳小学,116.216131,39.90267
北京教育科学研究院附属石景山实验学校(小学部),116.191314,39.912919
北京市石景山区广宁村小学,116.143026,39.929301
河堤东路(东口),116.172964,39.891743
北京市新英才学校小学部,116.519686,40.085303
木林镇贾山小学,116.799398,40.279328
马坡第二小学,116.613448,40.174504
西辛小学教育集团(东校区),116.641423,40.133699
北京市顺义区南彩学校,116.752865,40.139982
李桥中心小学,116.668099,40.030917
杨镇中心小学,116.834691,40.152355
北京市顺义区空港第二小学,116.525785,40.084078
小宋各庄一街一条,116.96954,40.06825
北京市第二实验小学顺义分校,116.544266,40.11225
木林中心小学,116.783058,40.248759
顺义区教育研究考试中心实验小学,116.639074,40.119912
西辛小学教育集团仁和校区,116.638852,40.119475
牛栏山第三小学,116.664272,40.205789
沿河中心小学校,116.706908,40.043185
顺义区双兴小学教育集团小店校区,116.826104,40.109589
教育研究和教师研修中心附属实验小学,116.83458,40.153278
首都师范大学附属顺义实验小学养正校区,116.646717,40.178409
北京市顺义区裕龙小学,116.668189,40.123616
北京市顺义区东风小学,116.674016,40.119415
北京市顺义区芳草外国语学校,116.610633,40.179017
北京市顺义区仓上小学,116.654798,40.114262
顺义区牛栏山第一小学,116.654084,40.22698
首都师范大学附属顺义实验小学,116.653343,40.184406
顺义区石园小学,116.688827,40.105988
天竺第二小学,116.564984,40.056201
顺义区双兴小学,116.658361,40.139926
裕达隆小学,116.557805,40.069319
顺义区东风小学,116.658061,40.123312
南法信中心小学,116.613789,40.14396
北京市牛栏山一中实验小学,116.670513,40.120061
顺义区牛栏山第二小学,116.673781,40.216155
顺义区石园小学,116.700269,40.102902
顺义一中附属小学,116.63968,40.111011
顺义区东风小学(西校区),116.653124,40.11931
李家桥村和平学校,116.673683,40.036934
明德小学,116.74008,40.248638
板桥中心小学,116.530168,40.211719
马坡小学,116.656559,40.17207
永青小学,116.743928,40.041074
高丽营第二小学,116.551684,40.152897
顺义区赵全营中心小学校,116.592812,40.210536
仇家店中心小学校,116.746436,40.194392
顺义区光明小学,116.660275,40.134837
天竺中心小学,116.57556,40.059672
空港小学,116.538512,40.090719
北京市顺义区沙岭学校,116.878609,40.156761
北小营中心小学,116.720781,40.202818
木林中心小学校,116.797018,40.246411
龙湾屯中心小学校,116.862236,40.228384
北京市顺义区河南村中心小学校,116.701079,40.102605
石园小学,116.666854,40.112943
南彩第二小学,116.716245,40.129855
北京市顺义区港馨小学,116.688415,40.106193
龙湖小学,116.664603,40.205721
北京市顺义区仓土小学,116.655155,40.114368
北京市顺义区小店中心小学校,116.826101,40.109573
光明小学教育集团(李各庄校区),116.817216,40.203688
顺义区东风小学,116.654578,40.114231
慧海英才小学部,116.656386,40.126535
小学小学小学,116.634284,40.166741
贾山小学,116.812657,40.283665
首都师范大学附属顺义实验小学一年级部,116.647429,40.179193
张镇小学,116.94641,40.147808
北务小学,116.82624,40.064227
后沙峪中心小学,116.544252,40.113336
南彩镇郝家疃小学,116.713136,40.163665
尹家府中心小学(新校区),116.886232,40.090563
李遂小学,116.755443,40.089085
北京市顺义区李各庄学校,116.818305,40.203567
大孙各庄中心小学,116.922861,40.089468
半壁店学校,116.633552,40.031676
顺义区北务镇社区教育中心学校,116.831015,40.064165
顺义区南彩镇四村联校,116.729871,40.164048
北京教科院附属顺义小学,116.516357,40.216809
南关小学,116.670535,39.901911
北京市通州区觅子店中学,116.871269,39.708448
北京市通州区新未来学校宋庄校区,116.725289,39.945676
通州区红星小学,116.555875,39.766906
通州区艺才小学,116.562093,39.756898
范庄小学,116.661289,39.939198
北京黄厂铺爱心小学,116.778327,39.730862
北京第二实验小学通州分校,116.702735,39.873922
北京市通州区潞苑小学,116.679736,39.945331
马驹桥中心小学,116.552476,39.755991
马驹桥镇实验小学,116.558884,39.76261
宋庄镇中心小学,116.729106,39.955343
运河小学,116.670632,39.891352
通州区永顺小学,116.653787,39.915164
东方小学(新街下坡),116.661324,39.905989
西马各庄小学,116.672172,39.731512
东方小学,116.66526,39.902652
牛堡屯学校小学部,116.691586,39.761503
西马庄小学,116.631551,39.912761
通州区张家湾镇中心小学,116.71992,39.852396
焦王庄小学,116.674198,39.938488
后南仓小学,116.649022,39.902035
北京市通州区台湖镇中心小学,116.58686,39.803703
北京通州玉桥小学,116.684,39.893663
龙旺庄学校,116.692561,39.937946
永顺镇中心小学分校,116.623678,39.904697
官园小学,116.648936,39.903731
北京小学通州分校,116.692493,39.919413
北京市通州区坚村小学,116.821005,39.690702
贡院小学,116.662317,39.910268
马驹桥镇大杜社小学,116.657792,39.753536
北苑小学,116.640048,39.901481
中山街小学,116.652804,39.90697
次渠家园小学,116.57609,39.805532
德仁务小学,116.780962,39.671223
北京市通州区通运小学,116.708976,39.902045
黄城根小学通州校区,116.734708,39.914613
葛渠小学,116.645137,40.014213
马驹桥金桥小学,116.53974,39.742387
东定安小学,116.836987,39.727729
沙古堆小学,116.796771,39.818989
北京市通州区富豪小学,116.65768,39.966866
向村艺术,116.723297,39.952733
兴顺实验小学,116.671991,39.944053
张湾村民族小学,116.698146,39.85615
嘉英学校,116.743077,39.95875
永顺镇乔庄小学,116.692893,39.89398
于家务回族乡小学,116.71328,39.723957
草厂小学,116.764392,39.74752
小张湾小学,116.555952,39.728418
运河小学(低年级部),116.666149,39.888209
大稿新村小学,116.636736,39.875328
郎府小学,116.833838,39.79203
师姑庄小学,116.765537,39.9183
通县肖林小学,116.903893,39.776447
通州区张家湾镇枣林庄民族小学,116.729437,39.811582
通州区上店小学,116.757577,39.841137
杜柳棵小学,116.840097,39.812805
大豆各庄小学,116.794213,39.844128
北京·通州·芙蓉小学,116.692567,39.911456
临河里小学,116.686662,39.877385
马驹桥文明市民学校中心校,116.558179,39.76344
靛庄小学,116.760802,39.803562
通州区张湾镇民族小学,116.707725,39.845339
北京市史家小学通州分校,116.687605,39.885201
西集镇中心小学,116.876953,39.815306
北京市通州区永顺镇中心小学,116.630892,39.895342
潞城镇中心小学,116.758758,39.88542
漷县镇中心小学,116.791523,39.776469
双埠头小学,116.685678,39.968633
渠头小学,116.729408,39.680591
梨园镇中心小学,116.668718,39.871326
大灰店小学,116.90314,39.806816
北辛店小学,116.741416,39.733725
新东仪小学,116.911813,39.82045
通州四中小学部,116.652192,39.907816
张湾村小学,116.705289,39.851036
通州区民族小学,116.669968,39.908124
北京教育科学研究院通州区第一实验小学,116.647103,39.88597
永乐店中心小学,116.781655,39.714681
全日制小学,116.716384,39.948778
通州区马驹桥镇金桥小学,116.53974,39.742387
中国人民大学附属中学通州校区-小学部,116.749499,39.895163
北师大未来实验小学,116.733745,39.914084
励志区A座,116.728883,39.954436
运河中学附属小学,116.698269,39.883082
小务小学,116.824098,39.675315
中国人民大学附属中学通州校区-小学部,116.728309,39.907343
通州区银河湾小学,116.584964,39.814635
德仁务后街路口,116.780971,39.675642
北京市通州区北神树希望小学,116.592665,39.80711
卜落垡小学,116.804836,39.86768
西垡小学,116.697593,39.690134
马头小学,116.8158,39.76438
通州区侯黄庄小学,116.879732,39.741817
徐辛庄小学,116.701157,39.9858
通州区柴厂屯小学,116.774676,39.635782
翟里小学,116.740965,40.003419
养心斋书画院(金桥教学点),116.541522,39.744243
黄村镇第一中心小学,116.346701,39.744512
北京景山学校大兴实验学校,116.339507,39.771064
北京市大兴区北臧村镇马村小学,116.263423,39.694985
后大营完全小学,116.37487,39.688966
小回城完全小学,116.535946,39.694844
北京亦庄实验小学,116.489873,39.757218
北京小学翡翠城分校,116.317707,39.767714
北京小学大兴分校亦庄学校,116.479314,39.783859
大兴区第二小学,116.325558,39.730827
北京教育学院附属大兴实验小学(融汇校区),116.321398,39.676335
黄村镇第二中心小学,116.288365,39.785095
亦庄镇第一中心小学,116.478207,39.796244
魏善庄镇第二中心小学,116.395199,39.631829
亦庄第二中心小学,116.498724,39.760262
魏善庄镇第一中心小学,116.420038,39.664255
北京市海淀区实验小学大兴分校,116.445471,39.801391
东研垡小学,116.429111,39.632545
北京市大兴区第二小学,116.35414,39.720406
北京师范大学大兴附属小学,116.319431,39.773676
榆垡第一中心小学,116.317816,39.51596
王各庄完全小学,116.452173,39.673746
北京教育科学研究院旧宫实验小学,116.454874,39.804237
青云店镇第一中心小学,116.51892,39.679874
大兴区第三小学,116.34084,39.733121
大兴区黄村镇一中心观音寺小学,116.349812,39.729736
北京大兴第八小学,116.336924,39.725184
北京市大兴区忠诚学校,116.279432,39.779204
枣园小学,116.326524,39.752309
马坊完全小学,116.539006,39.617779
大兴一小,116.335377,39.734689
北京市大兴区第五小学,116.336112,39.730302
北京市大兴区滨河小学,116.339571,39.752767
大兴区榆垡镇小店小学,116.396589,39.480168
大兴市榆垡镇第二中心小学,116.343854,39.475071
庞各庄镇第一中心小学,116.319217,39.627806
庞各庄镇第一中心小学南顿垡小学,116.372307,39.583973
北京市大兴区育苑希望学校,116.321825,39.644781
张公垡完小,116.304495,39.600385
北京教科院大兴实验小学,116.311132,39.759353
大兴区西红门镇志远小学,116.408176,39.762672
采育镇辛店小学,116.670882,39.662385
大兴区第十小学,116.292281,39.74731
北京小学翡翠城分校(南校区),116.315231,39.745996
北京印刷学院附属小学,116.314705,39.753877
大兴区礼贤镇龙头完全小学,116.41467,39.58819
北京市大兴区礼贤镇第二中心小学,116.350123,39.549058
赵村小学,116.24612,39.593225
留士庄民族小学,116.296924,39.553535
安定镇西芦小学,116.460128,39.61407
东白塔民族小学,116.492167,39.598245
安定镇中心小学,116.501773,39.619155
后安定小学,116.505483,39.644291
芦垡小学,116.417874,39.686653
天堂河小学,116.328271,39.6707
北京第二实验小学大兴实验学校,116.342163,39.796308
大兴区第二中心小学南大红门完全小学,116.46009,39.724414
大兴区第五小学(北校区),116.333144,39.746844
北京市大兴区建业学校,116.271477,39.750922
黄村镇孙村中小学校,116.400748,39.710903
北臧村镇皮各庄小学,116.274579,39.6529
庞各庄镇第二中心小学,116.276058,39.603678
大兴区黄村镇狼各庄民族小学,116.346334,39.670077
北京市大兴区星星学校,116.33864,39.773566
团河小学,116.373634,39.738824
大兴区第九小学清源西里校区,116.337384,39.743417
大同营小学,116.634562,39.618523
北京市大兴区第七小学,116.335329,39.740823
北京小学大兴分校,116.325524,39.739274
龙海学校,116.393022,39.749271
庞各庄北顿垡小学,116.361009,39.598808
留民庄小学,116.252527,39.629028
北泗小学,116.628426,39.693722
耀中国际学校(凉水河分校),116.524768,39.762232
青云店镇第二中心小学,116.471281,39.70671
大兴区中小学,116.340311,39.749915
北京市大兴区榆垈镇太子务小学,116.340077,39.510046
青云店镇第二中心小学,116.460808,39.72439
孙村中小学,116.400715,39.710847
北京第二实验小学,116.342319,39.795637
人大附中北京经济技术开发区学校小学部,116.488837,39.795346
垡上小学,116.473551,39.708954
青云店镇第一中心小学低年级部,116.513215,39.677543
北京市大兴区榆垡镇第二中心小学,116.316273,39.516465
北臧村镇中心小学,116.244925,39.663494
清华附中大兴学校北校区,116.318858,39.683671
黄村镇第一中心小学福苑校区,116.35049,39.753976
黄村镇综合文化中心,116.401186,39.710246
崔指挥营民族小学,116.436293,39.457682
南巷北二条,116.274807,39.753827
长子营二小,116.58698,39.641095
北京教育学院附属大兴实验小学,116.297978,39.702022
榆垡镇石垡小学,116.25865,39.566731
大兴区第六小学,116.341201,39.741643
薛营回民小学,116.323921,39.611176
北臧村镇诸营小学,116.244921,39.662026
庞各庄镇庆国完全小学,116.344202,39.61898
采育三小,116.696383,39.6123
魏善庄岳家务小学,116.389228,39.646376
北京小学翡翠城分校南校区低年级部,116.315221,39.747502
长阳中心小学,116.16971,39.759268
北京工商大学附属小学,116.12456,39.725049
房山区良乡中心小学,116.123918,39.725221
琉璃河水泥厂学校,116.043809,39.590793
南尚乐中心校下滩明德小学,115.74478,39.53881
良乡第二小学,116.137575,39.737234
黑古台民族小学,116.148247,39.704025
北京理工大学附属小学房山校区太平庄小学,116.119908,39.733954
良乡第三小学,116.132057,39.734192
窦店第二小学,116.065576,39.676235
东庄子小学,115.961395,39.819277
公议庄小学,116.201525,39.667228
黄城根小学房山分校,116.212977,39.769487
官道中心小学,116.148191,39.703938
南尚乐中心小学,115.775072,39.538065
北京市房山区良乡第四小学瑞雪校区,116.146757,39.719932
星城小学,116.065029,39.711607
圣水峪小学,115.802448,39.67076
京蓼学校,116.125632,39.707106
大董村完全小学,116.065363,39.723934
大宁学校,116.216267,39.809703
首都师范大学附属房山小学,116.146307,39.742833
房山第二小学,115.982748,39.698606
北京小学长阳分校,116.215149,39.760656
北京市房山区良乡小学,116.144537,39.73032
河北镇中心小学,115.935972,39.816198
路村完全小学,116.113156,39.58048
娄子水完全小学,115.919147,39.663477
磁家务小学,115.99254,39.798388
良乡四小滨河校区,116.153522,39.715372
北京市第十二中学教育集团良乡小学(铭品校区),116.191651,39.722005
房山区琉璃河镇南召中心小学,116.115125,39.606635
北京工商大学附属小学(东沿村校区),116.107101,39.736121
北京小学长阳分校(祥云校区),116.207033,39.752945
绿城小学,116.077033,39.711758
饶乐府小学,116.000776,39.706531
青龙湖镇北车营完全小学,116.020147,39.818816
交道中心小学,116.12045,39.648957
史家营中心小学,115.725499,39.829998
房山区四〇一学校,116.064627,39.736652
蒲洼乡平安中心小学,115.536949,39.734743
琉璃河镇窑上中心小学,116.199928,39.614172
大石窝镇半壁店小学,115.8402,39.553161
窦店镇兴隆庄完全小学,116.158013,39.640353
上万小学,116.042922,39.812431
南窖中心小学,115.848873,39.764819
夏村小学,116.033393,39.667578
东风小学,115.96141,39.754698
阎村中心小学,116.081392,39.70831
坨里中心小学,116.036126,39.776308
北京市房山区佛子庄乡中心小学,115.900876,39.829621
后石门完全小学,115.808546,39.589247
长沟镇中心小学,115.900709,39.575628
琉璃河三街完全小学,116.028856,39.595432
五侯中心小学,115.920889,39.607743
北京燕山羊耳峪小学,115.971282,39.761107
希望学校小学部,116.143086,39.722227
马各庄小学,116.016265,39.70247
芦村完全小学,116.043428,39.634126
琉璃河中心小学,116.021322,39.599195
吉羊小学,115.998073,39.621012
韩村河中心小学,115.951625,39.598768
北京市房山区青龙镇南四位完全小学,116.069005,39.806115
房山长育中心小学,115.970845,39.70363
北京市燕山前进第二小学,115.957809,39.720152
北京市房山区良乡行宫园学校,116.145407,39.751686
西营完全小学,116.223536,39.757663
务滋完全小学,116.15182,39.615476
阎村镇后沿村完全小学,116.09387,39.728372
东沿村小学,116.107789,39.735894
惠南庄小学,115.801353,39.530513
瓦井小学,115.925434,39.642076
西石羊完全小学,116.166417,39.67905
长沟镇北正完全小学,115.864104,39.567978
北京市房山区琉璃河镇兴礼完全小学,116.082277,39.594966
北京市房山区青龙湖镇中心小学,116.083922,39.773539
阎仙垡完全小学,116.225902,39.726744
固村完全小学,116.126566,39.74768
大石窝镇下滩明德小学,115.745362,39.53875
首都师范大学附属中学实验学校小学部,116.191208,39.7736
北京市房山区博识学校,115.947618,39.658118
阎村中心校后十三里小学,116.108765,39.693331
大石窝镇南尚乐中心小学,115.81864,39.555064
韩村河镇天开完全小学,115.902778,39.628294
常舍完全小学,116.146792,39.601481
顾册小学,115.975201,39.674115
黄城根小学(房山分校乐水校区),116.205632,39.768302
房山区城关小学(新城校区),116.009824,39.710586
南白岱完全小学,115.746669,39.569185
黄山店小学,115.85945,39.689865
房山孤山口小学,115.854315,39.640628
创唯学校,115.988119,39.68188
长沟峪小学,115.92445,39.716532
房山三小,115.980301,39.689371
北京市房山区城关镇羊头岗完全小学,116.015611,39.724711
张坊镇瓦沟完全小学,115.690456,39.620727
北京第一实验小学(房山分校),116.147118,39.720477
北京燕山向阳小学,115.958986,39.724174
霞云岭小学,115.746961,39.731475
房山区韩村河镇赵各庄完全小学,115.961636,39.617904
新街民族小学,115.936407,39.654611
田各庄村完全小学,116.01871,39.683646
龙泉河完全小学,115.881898,39.598895
房山区青龙湖镇沙窝完全小学,116.038618,39.756708
北坊小学,116.051148,39.738434
石楼镇大次洛完全小学,115.952844,39.631531
北京市房山区十渡中心小学,115.60172,39.651243
大安山中心小学,115.775819,39.886019
彦华希望小学,115.826095,39.812507
北京市房山区青龙湖镇大苑村完全小学,116.11149,39.767631
房山区青龙湖镇青龙湖中心校,116.111681,39.767138
晨曦学校,116.065527,39.724013
北京市房山区琉璃河镇祖村完全小学,116.079639,39.58022
曹章完全小学,115.956595,39.584983
西白岱完全小学,115.733259,39.567273
张坊中心小学,115.71072,39.572762
窦店中心小学,116.063867,39.643269
窦店镇望楚完全小学,116.086491,39.658007
房山区阎村镇后十三里完全小学,116.109473,39.693527
石楼中心小学,115.981403,39.641856
葫芦垡中心小学,116.216304,39.709096
周口店中心小学,115.944691,39.681705
北京小学翡翠城分校南校区,116.122073,39.732891
北京第二实验小学永定分校冯村小学,116.106127,39.910358
中国人民大学附属小学京西校区,116.108473,39.887325
王平村中心小学,115.995947,39.971004
军响中心小学,115.774723,39.997384
大峪第一小学,116.117472,39.917644
琉璃渠小学,116.088531,39.970507
大峪第二小学,116.099764,39.938345
北京市门头沟付家台中心小学,115.82993,40.016606
东辛房小学,116.06983,39.933008
北京八中京西附属小学,116.148356,39.900049
龙泉小学,116.08088,39.945143
北京市门头沟区城子小学,116.099186,39.953951
丁家滩小学,116.03668,39.98262
北京第二实验小学永定分校,116.106145,39.910377
龙泉镇成人学校龙泉雾小学分校,116.086091,39.983177
门头沟区大台中心千军台小学,115.858411,39.93668
黑山小学,116.092851,39.942225
斋堂中心小学,115.693554,39.971131
北京市门头沟区京师实验小学,116.089768,39.935285
三家店小学,116.106179,39.964889
育园小学,116.105497,39.931353
北京市大峪中学分校附属小学,116.105565,39.898594
马各庄小学,116.021792,39.968014
大台中心小学,115.941893,39.964726
付家台中心雁翅小学,115.901189,40.035455
潭柘寺中心小学,116.038095,39.874579
齐家庄中心小学,115.509212,39.94125
清水中心黄塔小学,115.562121,39.863546
昌平回龙观第二小学,116.343235,40.067201
巩华中心小学,116.273342,40.12411
老峪沟中心小学,115.923821,40.170991
北京市昌平区华成学校,116.414904,40.124951
北京市昌平区第四实验小学,116.264847,40.117681
清华大学附属小学昌平学校天通苑校区,116.425925,40.067723
流村中心小学,116.065922,40.170061
天通苑小学,116.435741,40.066254
东小口中心小学,116.404965,40.061596
首都师范大学附属回龙观育新教育集团华电附小,116.326944,40.079407
沙河中心于辛庄小学,116.298745,40.146989
昌平区南口镇小学,116.128072,40.235889
大东流中心小学,116.437025,40.175463
北京市昌平区北七家中心小学,116.437701,40.131942
平西府中心小学,116.37293,40.11026
回龙观中心小学,116.297467,40.078158
霍营中心小学,116.359746,40.074943
中国石油大学附属小学,116.251976,40.208977
城南中心小学,116.209507,40.217535
北京市昌平区城北中心东关小学,116.242647,40.218744
清华附小昌平学校,116.402631,40.040671
小汤山中心马坊小学,116.40034,40.153085
回龙观中心第一小学,116.332274,40.064988
流村中心西峰山小学,116.037754,40.158814
北京市昌平区巩华学校,116.284725,40.147099
北京市昌平区定福皇庄回民小学,116.27688,40.109502
南邵中心小学,116.284835,40.208308
清华大学附属中学昌平学校悦府校区小学部,116.357298,40.090489
中国石油大学附属小学-昌盛园小学,116.251346,40.211442
黄城根小学昌平学校,116.427062,40.109301
北航附小昌平学校,116.277984,40.142656
城北中心三街小学,116.236512,40.22699
北京市昌平区城北中心六街小学,116.228822,40.22192
昌平区第四中学小学部,116.209119,40.211669
霍营中心半截塔小学,116.390322,40.086183
北京育翔小学回龙观学校,116.313755,40.06233
北京市昌平区新龙学校,116.217836,40.167394
昌平第二实验小学,116.334982,40.076557
北京农学院附属小学,116.342616,40.067567
北京师范大学昌平附属学校小学部,116.267822,40.168788
平西府中心东沙各庄小学,116.407094,40.127731
南邵中心何营小学,116.289698,40.22099
七里渠中心白各庄小学,116.350892,40.117749
北京市昌平区崔村中心香堂小学,116.366963,40.243769
马池口中心百泉庄小学,116.211232,40.202716
昌平第三实验小学,116.456744,40.15503
后白虎涧小学,116.122552,40.13031
昌平区高崖口中心小学,116.016064,40.138968
泰陵园小学,116.212174,40.272908
亭自庄学校小学部,116.165161,40.184993
崔村中心小学,116.355679,40.219932
北京市昌平区十三陵中心小学,116.200343,40.243064
桃洼学校檀峪小学,116.075128,40.224227
小汤山中心小学,116.394727,40.172986
城北中心西关小学,116.221139,40.218227
桃洼学校桃洼小学,116.090666,40.227891
昌平区城关小学,116.223396,40.227724
北京市昌平第二实验小学西校区,116.328938,40.073178
昌平区七里渠中心小学,116.325712,40.114851
土楼小学,116.123034,40.186094
昌平区沙河中心西沙屯小学,116.251666,40.164505
南口铁道北小学,116.129736,40.245659
巩华中心第二小学,116.278721,40.12879
昌平区阳坊中心小学,116.145084,40.147071
昌平区阳坊中心四家庄小学,116.155734,40.165861
马池口中心小学,116.215412,40.184256
二毛学校,116.230357,40.214273
百善学校,116.319782,40.172499
史各庄中心小学,116.289895,40.100022
前锋学校(小学部),116.261895,40.225045
北京市昌平区马池口中心奤夿屯小学,116.182745,40.208517
南新村小学,116.238162,40.252983
新建村幼儿园,116.037678,40.188415
北京市昌平区天通苑小学,116.405426,40.06098
北京十一未来城学校,116.464266,40.109558
清华大学附属小学昌平学校,116.425997,40.067393
纬纬小学,116.275816,40.110217
北京市昌平区定福小学,116.266925,40.106087
流村中心南流小学,116.073684,40.16345
北京市昌平区流村中心小学,116.037676,40.188407
大辛峰小学,116.346087,40.206122
大庙小学,116.128873,40.235932
昌平第二实验小学(一二三),116.334766,40.076732
白庙小学,116.391784,40.106853
二村小学,116.00837,40.090903
北京师范大学实验小学,116.475214,40.109588
三合庄小学,116.291243,40.233189
八一古将小学,116.041612,40.197848
未来科技城第一小学,116.47538,40.110154
七里渠中心豆各庄小学,116.308607,40.113698
上念头小学,116.193743,40.196426
上苑中心小学,116.459627,40.21876
西贯市回民小学,116.147643,40.135804
城南中心旧县小学,116.189153,40.22385
城南中心邓庄小学,116.196167,40.230565
北京市昌平区汇贤学校,116.278417,40.13408
北京东方红学校,116.217231,40.236447
北京市平谷区刘家店中心小学,117.005402,40.245586
平谷区镇罗营关上小学,117.186036,40.354392
北京市平谷区镇罗营中心小学,117.137072,40.341909
北京市平谷区第七小学,117.08446,40.120288
中南海爱心小学,117.04726,40.304791
北京市平谷区中南海爱心民族小学,117.054786,40.255281
北京市平谷区马昌营中心小学,117.002222,40.118769
德翰实验小学,117.022538,40.129533
北京市平谷区第一小学,117.109636,40.137116
大峪子小学,117.049678,40.272749
平谷区第五小学,117.091817,40.138404
平谷区第一小学(南校区),117.109624,40.136313
北京市平谷区夏各庄小学,117.184234,40.134024
北京市平谷区大华山中心小学,117.073393,40.276599
峪口镇中心小学,117.0062,40.184436
东樊各庄小学,116.977651,40.191439
黄松峪中心小学,117.261346,40.232607
中桥小学,117.037681,40.177604
后北宫晓华小学,117.054873,40.255822
北京第一师范学校附属小学(平谷分校),117.07201,40.142625
北京第二外国语学院平谷附属学校,117.109697,40.10822
平谷中学教育集团附属小学,117.111497,40.13788
北京第二实验小学(平谷分校),117.102339,40.159722
东交民巷小学马坊分校,117.013059,40.063109
放光小学,117.071717,40.183601
北京市平谷区南独乐河中心小学,117.216904,40.173136
望马台小学,117.227613,40.150816
夏各庄学区,117.16355,40.123
平谷六小,117.10468,40.148299
三府庄小学,117.047199,40.146333
王各庄小学,117.005831,40.107718
平谷区第三小学,117.114317,40.135347
北京市平谷区大官庄小学,117.017835,40.14988
胡家营小学,117.022242,40.211289
北京实验学校附属小学,117.121786,40.148323
马坊镇东店小学,117.02281,40.05679
平谷区第二小学,117.128826,40.133124
熊儿寨中心小学,117.13318,40.275624
北京大宝上营小学,117.117558,40.203664
北京市平谷区大兴庄中心小学,117.068363,40.133729
北京实验学校附属小学-北实附小,117.122774,40.148092
平谷区第六小学(璟悦府校区),117.091156,40.151904
北京市平谷区北辛庄小学,117.050961,40.210051
北京区平谷区东辛撞小学,117.047122,40.304788
靠山集中心小学,117.322317,40.199979
早立庄小学,116.979947,40.054282
山东庄中心小学,117.157003,40.188015
平谷区第八小学,117.114974,40.162781
东双营小学,116.98619,40.133862
大旺务小学,117.123257,40.082528
埃森哲希望小学,117.0507,40.210072
北杨桥小学,116.988444,40.167708
周村小学,117.067915,40.133335
大兴庄学区,117.068492,40.133675
门楼庄中心校,117.051939,40.086207
上镇小学,117.114686,40.321955
峨嵋山小学,117.20704,40.207055
平谷县张辛庄小学,117.186037,40.1691
东高村镇中心小学,117.127645,40.105667
洙水小学,117.265317,40.167392
中胡家务小学,117.121503,40.186614
西沥津小学,117.162733,40.16709
密云区第三小学,116.849098,40.378936
密云第四小学,116.861874,40.382285
密云区河南寨镇中心小学,116.846196,40.336938
密云第六小学,116.819162,40.371082
密云第二小学,116.847142,40.371983
檀营满族蒙古族中心小学,116.86837,40.387692
放马峪小学,117.13502,40.60567
密云区桑园小学-喜来健希望小学,117.152812,40.578488
北京市密云区古北口镇中心小学,117.154016,40.688763
不老屯镇中心小学,116.989155,40.567852
河南寨镇提辖庄满族小学,116.880674,40.349346
北京市密云区第二小学(滨河校区),116.826782,40.387021
密云区桑园小学,117.152463,40.57826
密云区第五小学,116.841676,40.371158
密云区果园小学,116.831212,40.373078
北庄镇小学,117.176296,40.506986
朝阳区实验小学密云学校,116.838582,40.394535
巨各庄中心小学,116.95005,40.377611
台上小学,116.806622,40.299368
东白岩小学,116.913932,40.380417
溪翁庄镇中心小学,116.846988,40.469827
西田各庄镇疃里联合小学,116.743083,40.391468
高岭镇中心小学,117.106755,40.604444
转山子小学,116.922487,40.576647
西田各庄镇中心小学,116.76957,40.429492
密云区季庄小学,116.827488,40.375563
东邵渠镇中心小学,116.968323,40.295003
十里堡镇水杨红小学,116.767387,40.366261
大城子乡中心寄宿小学,117.12001,40.39324
康各庄小学,117.061536,40.355593
下营小学,116.924108,40.683455
北京市密云区新农村小学,116.886563,40.389998
郭萍小学,117.17627,40.661013
南穆家峪村老小学,116.94047,40.41791
密云第七小学,116.874791,40.374686
密云区中小学,116.821242,40.374329
密云南菜园小学,116.84516,40.365997
冯家峪镇小学,116.88187,40.624292
太子务小学,116.796548,40.421171
密云区东智小学,116.839638,40.424901
北京密云区春蕾小学,117.09301,40.522882
后栗园小学,116.897673,40.401767
穆家峪镇新农村小学,116.881994,40.387728
新城子镇中心小学,117.328993,40.6362
东庄禾小学,117.23459,40.61142
石城镇中心小学,116.81915,40.54074
穆家峪镇中心小学,116.953203,40.408992
西田各庄小学,116.766826,40.400509
太师屯镇中心小学,117.124524,40.541091
十里堡镇中心小学,116.783058,40.347296
北京市密云区高岭镇水晶石小学,117.118372,40.650439
郝家台小学,117.094182,40.647711
北京市怀柔区喇叭沟门满族乡中心小学,116.617467,40.899336
笨笨英语小幼小学部,116.640537,40.313314
怀柔区第六小学,116.643651,40.33857
怀柔区第一小学,116.636785,40.328338
怀柔三小,116.633665,40.316579
北京市怀柔区实验小学,116.638618,40.339517
北京十一学校九渡河小学,116.459602,40.360394
怀柔区第二小学,116.628888,40.325159
张各长小学,116.665874,40.309209
茶坞铁路小学,116.559065,40.281205
桃山小学,116.601846,40.265772
渤海中心小学,116.517379,40.415521
怀柔区桥梓镇中心小学,116.573971,40.291435
桥梓镇北宅小学,116.567624,40.339462
北京市怀柔区北房镇中心小学,116.69755,40.325321
渤海镇沙峪中心完小,116.474,40.413452
三渡河小学,116.554596,40.382029
北京市怀柔区第三小学,116.627163,40.333009
中关村第一小学怀柔分校,116.655626,40.361703
张各庄太平庄满族小学,116.682776,40.28297
北京市海淀区五一小学怀柔分校,116.682245,40.283605
北京市府学胡同小学怀柔分校,116.637589,40.327834
两河小学,116.659416,40.28458
黄城根小学(怀柔分校),116.638511,40.307461
朝阳区呼家楼中心小学(怀柔分校),116.649822,40.628926
北京第二实验小学怀柔分校,116.701067,40.365802
怀柔区北房镇宰相庄小学,116.706737,40.345741
怀柔区怀柔镇郭家坞小学,116.603567,40.344316
长哨营满族乡中心小学,116.745436,40.79323
怀柔区九渡河小学,116.382332,40.362384
北京市怀柔区宝山镇中心小学,116.57126,40.694746
九渡河镇黄花城小学,116.345922,40.40431
汤河口镇中心小学,116.644011,40.737036
新华营满族小学,116.12738,40.520174
西五里营小学,115.829296,40.457563
北京市延庆区第四小学,115.975742,40.447712
北京延庆第三小学,115.990508,40.462153
旧县中心小学,116.099864,40.554134
北京延庆第二小学,115.981144,40.464667
延庆区大庄科中心小学,116.23761,40.431678
王木营小学,116.11639,40.484847
延庆区沈家营中心小学,116.045486,40.484034
井庄镇中心小学,116.093989,40.467673
花盆中心小学,116.383872,40.7471
延庆区第一小学,115.971057,40.461663
南张庄中心小学,116.178969,40.49232
四海中心小学,116.418264,40.529816
延庆区第一小学(西校区),115.966599,40.460956
中国科学院附属玉泉小学(农场校区),116.048643,40.572245
延庆县国讯希望小学,116.094672,40.467979
首都师范大学延庆实验小学,115.904618,40.373617
延庆区下屯小学,115.948772,40.429797
下营小学,115.790845,40.445816
北京市延庆区八里庄中心小学广积屯完小,116.008184,40.482656
延庆千家店学校,116.344682,40.693234
司家营小学,115.997635,40.44256
小丰营中心小学,115.924921,40.421212
延庆区姚家营中心小学,115.800242,40.459594
张山营镇97.4音乐希望小学,115.87762,40.490198
延庆区西二道河中心小学,116.080547,40.406039
延庆区靳家堡中心小学,115.938739,40.516852
北京市延庆区八里庄中心小学,115.956723,40.48605
北京市延庆区刘斌堡中心小学,116.227257,40.569039
大柏老中心小学,116.071047,40.524015
莲花池小学,116.00358,40.453896
金菲光彩小学,116.500643,40.633818
延庆区大榆树中心小学,116.021219,40.433216
延庆西屯中心小学,115.948742,40.460772
太平庄中心小学,115.88946,40.416142
康庄中心小学,115.903977,40.373809
八达岭中心小学,115.971613,40.366095
